"src_id","station_name","historic_county","station_latitude","station_longitude","station_elevation","years_of_hourly","R","R_1995","R_1996","R_1997","R_1998","R_1999","R_2000","R_2001","R_2002","R_2003","R_2004","R_2005","R_2006","R_2007","R_2008","R_2009","R_2010","R_2011","R_2012","R_2013","R_2014","R_2015","R_2016","R_2017","R_2018","R_2019"
1161,"ABERDARON","gwynedd",52.789,-4.741,86,23,587.383141243439,NA,"339.74269","350.22787","526.26698","721.38003","856.66300","236.05813",NA,"390.68184","609.20715","782.68927","464.92353","580.44571","758.21249","603.05999","380.09361","332.31388","688.28303","773.25407","544.63529","646.27449","831.96212","607.49955","554.50667","931.43086"
1198,"ABERPORTH","dyfed",52.14,-4.571,133,25,521.025615064045,"453.28122","404.00448","479.78683","476.03672","675.10276","498.73074","636.47292","474.04854","285.62461","619.43941","704.17198","374.89957","450.23774","530.85039","567.35461","394.35063","311.36039","693.64701","381.39112","789.95254","448.65023","452.09430","644.48144","780.19760","499.47258"
150,"ABOYNE NO 2","aberdeenshire",57.076,-2.841,140,22,401.582074669446,"866.59309","363.91929","410.67060","348.56718","527.35288","438.93049","290.49436","597.69907","222.08424","380.46303","235.69404","432.68714","617.43232","262.71892",NA,NA,"277.59440","327.58432","304.14535","554.81815","411.80877",NA,"263.84527","298.06736","401.63538"
44,"ALTNAHARRA NO 2","sutherland",58.288,-4.442,81,20,482.787986014385,NA,NA,"370.46768","569.32438",NA,"594.22266","352.07422","426.32628",NA,"672.25843","500.83046","794.23946","379.26837","592.06148","322.12062",NA,"386.84012","466.86274","463.14977","490.31272","467.85523","422.38480","674.92589","278.73968","431.49474"
19188,"ANDREWSFIELD","essex",51.896,0.451,87,20,394.424340260494,NA,NA,NA,"269.23095","438.43658","573.87552","511.89143","809.80025","201.35094","744.03374",NA,"481.17624","530.21204","284.53520",NA,"233.69543","239.96598","339.25556","338.02511","450.50737","281.85169","320.16858","308.45715","308.12528","223.89177"
52,"AULTBEA NO 2","ross-and-cromarty",57.859,-5.633,11,23,721.919659627276,NA," 617.74101"," 748.86424"," 900.65506","1123.73955"," 599.51967"," 621.10338"," 530.34221"," 539.02624"," 790.59427","1033.98584"," 639.03608"," 701.79051"," 671.37343"," 637.62640"," 422.78854"," 897.05658"," 715.68132"," 732.22236","1027.29534"," 792.06479"," 609.59325"," 556.94889",NA," 695.10320"
113,"AVIEMORE","inverness-shire",57.206,-3.828,228,18,415.69872774534,NA,NA,NA,NA,NA,"364.44954","246.75154","466.39993","237.18755","337.17590","475.64936","523.62704","354.71795","526.64483","468.63941",NA,"471.52997","292.92990","340.42482","433.90890","378.37543","509.69801",NA,"242.11599","812.35104"
12,"BALTASOUND NO 2","shetland",60.748,-0.856,15,20,413.842742928291,NA,NA,"350.35391","379.88732",NA,"358.30203","321.67916","382.67375","432.61094","398.36013","438.38851","403.52839","413.96458","525.63546","377.49235","422.84385","455.77166","451.96818",NA,"605.23789","483.68646","329.40600",NA,"351.61970","393.44458"
461,"BEDFORD","bedfordshire",52.227,-0.465,85,25,357.404829904526," 356.755715"," 176.362587"," 259.732970"," 532.862825"," 282.505250"," 328.112034"," 349.162941"," 613.949423"," 197.561243","1373.367698"," 344.039663"," 337.534456"," 369.929125"," 381.523975"," 256.215941"," 171.874533"," 144.160859"," 383.841173"," 214.922885"," 336.832286"," 376.321423"," 292.137669"," 450.065674"," 255.234466"," 150.113935"
613,"BENSON","oxfordshire",51.62,-1.099,57,25,334.63365724066,"354.86225","346.45181","297.06608","307.73545","346.71246","418.64926","452.65324","406.63784","237.66301","458.60660","212.38222","422.09145","295.99505","402.26997","268.64361","206.35969","212.81786","383.82916","269.57482","522.58641","181.00477","526.41184","214.87001","269.98905","349.97748"
513,"BINGLEY, NO 2","west-yorkshire",53.811,-1.867,262,23,636.534469226835,NA," 547.61414"," 608.25047"," 675.11175"," 747.84200",NA," 391.90666"," 804.27172"," 305.45451"," 391.23740"," 497.12254","1559.51442"," 891.26388"," 791.35973"," 589.08248"," 335.97447"," 317.46535","1162.19994"," 521.22027"," 669.98326"," 868.87863"," 461.42995"," 406.84250"," 421.57389"," 674.69286"
889,"BOSCOMBE DOWN","wiltshire",51.162,-1.755,126,25,557.493871740635," 580.49210","1202.25640"," 347.91325"," 584.18349"," 790.61292"," 728.77079"," 402.25202"," 581.95341"," 316.24426"," 542.15389"," 249.01720"," 698.07925"," 404.44302"," 736.17608"," 546.34069"," 251.71471"," 492.12218"," 668.61970"," 602.59833"," 436.20659"," 579.20580"," 669.69387"," 478.09131"," 428.10270"," 620.10282"
315,"BOULMER","northumberland",55.421,-1.601,23,23,414.008298754309,"207.877946","296.102733","308.411249","439.085944","497.345870","350.705380","352.846763","632.469931","337.076223","361.240752","724.807499","356.030311","244.579856","703.178968","638.331994",NA,"366.508747","670.211581","369.030967","368.548709","423.736470","305.099074","305.218644","263.745259",NA
373,"BRIDLINGTON MRSC","humberside",54.094,-0.176,15,19,317.621985932043,NA,NA,NA,NA,NA,NA,"312.528243","241.503450","271.902578","386.823426","193.008082","356.726289","630.521057","490.067004","228.079580","316.711522","138.796204","333.128590","185.325083","308.138694","238.107951","341.289979","381.225626","329.590097","351.344275"
605,"BRIZE NORTON","oxfordshire",51.758,-1.578,82,25,494.714464549368," 369.61162"," 298.27190"," 358.74851"," 617.99287"," 450.24941"," 387.74418"," 351.62733"," 329.32123"," 249.07767"," 402.10671"," 594.04143","1540.29863","1507.73611"," 722.79523"," 551.55270"," 213.11687"," 181.00344"," 584.38571"," 272.54402"," 428.70052"," 302.65891"," 557.04364"," 231.40797"," 455.67353"," 410.15146"
1395,"CAMBORNE","cornwall",50.218,-5.328,87,25,734.920741241529," 443.95098"," 576.13897"," 801.12889"," 939.12458"," 693.58106"," 821.78809"," 419.28838"," 937.81346"," 820.62601","1106.08881"," 436.54073"," 690.15073"," 698.10131"," 495.25391"," 892.35359"," 621.43297"," 433.78133"," 995.58623"," 699.61569"," 726.62036"," 747.57181","1160.15511"," 697.13030"," 709.82991"," 809.36534"
1171,"CAPEL CURIG NO 3","gwynedd",53.094,-3.941,216,23,3016.62967410429,"2446.6498","2220.9542","2243.2005","3050.0009","3324.1656","2909.3492",NA,"3130.6600","1768.8974","3816.7598","3072.8582","3709.9574","3312.8903","4567.2528","2476.0760",NA,"3110.5123","2541.6581","2110.6445","2104.7882","5718.4851","3199.9269","3144.9587","2158.6657","3243.1709"
1415,"CARDINHAM, BODMIN","cornwall",50.502,-4.667,200,21,1051.27640513001,NA,"1382.01868"," 954.93866","1639.39459",NA,"1343.48768"," 704.19972",NA,"1699.43286"," 975.73730","1324.67190"," 557.30732",NA," 887.16726","1146.27812","1022.63046"," 720.03923","1284.98971"," 914.61315","1541.69253"," 809.45180"," 568.68456","1018.62483"," 668.09690"," 913.34724"
1070,"CARLISLE","cumbria",54.934,-2.964,28,20,623.958350001637,NA," 236.97154"," 339.06575",NA,NA," 589.79975",NA,NA," 274.40301"," 712.98600","1328.49998"," 521.03080"," 502.25129"," 573.52183"," 586.47439"," 324.80998"," 532.07234"," 731.36884","1143.90701"," 777.10846"," 620.23214"," 582.22272"," 951.59891"," 323.74249"," 827.09977"
40,"CASSLEY","sutherland",58.168,-4.727,99,17,1370.67889294724,NA,NA,NA,NA,NA,"1687.79789","1077.62198","1057.28526"," 840.32446","1583.55079","2141.67968","1553.29635","1909.19260",NA,"1189.86939"," 595.74864","1593.40451","1459.41857","1476.12647",NA,NA,"1792.09607","1110.45515"," 941.94532","1291.72803"
268,"CHARTERHALL","berwickshire",55.709,-2.385,112,24,388.300548598698,"196.11290","213.74897","215.87372","333.70037","290.66612","667.37734","242.51099","637.30057","155.06597","428.94200","363.80141","273.94988","319.95139","496.08153","775.53545","298.95115","376.89050","785.45550","324.51427","408.27102","314.21781","357.63486",NA,"358.36500","484.29442"
1346,"CHIVENOR","devon",51.089,-4.149,6,24,522.447661603836,NA," 264.14396"," 400.25727"," 427.47898"," 502.72797","1230.08104"," 304.14538"," 595.63179"," 337.79286"," 390.05420"," 421.16198"," 291.53870"," 557.29618"," 588.39993"," 811.39410"," 437.43705"," 451.07280"," 597.25676"," 602.89328"," 447.36303"," 657.31834"," 496.09299"," 653.12412"," 353.77032"," 720.31086"
595,"CHURCH LAWFORD","warwickshire",52.359,-1.331,107,25,400.211775486341,"212.88741","377.52598","435.07662","503.35359","645.38980","314.29825","656.86797","385.98292","287.71209","570.83945","364.71328","624.16666","415.34634","590.52605","248.60838","274.20064","138.00003","365.46549","286.40162","409.81949","442.83447","485.86805","253.33328","265.49751","450.57900"
19187,"COLESHILL","warwickshire",52.48,-1.691,96,22,455.86377934946,NA,NA,NA," 636.71180","1191.25284"," 404.08509"," 462.72052"," 398.13785"," 297.77586"," 586.06517"," 442.09389"," 466.18380"," 514.23569"," 504.64593"," 408.78460"," 387.26907"," 151.08733"," 617.11939"," 328.34973"," 433.47719"," 251.21763"," 416.05170"," 231.83886"," 265.71682"," 634.18237"
393,"CONINGSBY","lincolnshire",53.094,-0.173,6,25,367.787177617802,"164.922250","263.582233","341.758757","251.254719","339.034936","277.639301","574.588471","411.879853","490.678204","563.278249","351.885878","233.216351","488.767124","231.979068","502.456100","270.661689","168.017473","970.371421","242.998020","331.099897","153.857536","409.173146","249.049003","408.854368","503.675394"
24102,"COVENTRY, COUNDON","west-midlands",52.424,-1.536,119,18,448.269787738708,NA,NA,NA,NA,NA,NA,NA," 401.73724"," 291.16829"," 388.20916"," 472.06567"," 702.31775","1066.23318"," 618.55632"," 208.52202"," 392.25063"," 237.23006"," 390.43148"," 507.90548"," 605.23813"," 317.75790"," 407.89508"," 319.31616"," 301.17985"," 440.84177"
386,"CRANWELL","lincolnshire",53.031,-0.504,63,25,378.392448101813,"225.244957","271.527542","516.243466","464.428580","389.061329","280.626299","316.402697","562.780945","200.521845","384.634594","277.633721","360.455984","593.935866","361.911705","469.207924","281.269984","118.370995","698.593295","122.561416","658.542162","410.604679","332.078013","275.420398","273.729094","614.023710"
17309,"CROSBY","merseyside",53.497,-3.058,9,21,435.291251414584,NA,NA,NA,"560.41898","487.06340","603.57541",NA,"492.15352","406.61578","327.13278","426.07568","297.73194","539.01790","530.13952","362.49309","312.46792","407.35052","685.31036","243.35302","346.83916","549.62319","304.83128","473.70744","299.86710","485.34827"
1393,"CULDROSE","cornwall",50.084,-5.257,76,25,591.727282122428," 205.71918"," 437.00712"," 847.82851"," 654.91155"," 525.34925"," 635.09060"," 465.92517","1124.43021"," 505.79434","1069.77613"," 370.62580"," 413.72786"," 499.79406"," 633.99847"," 668.87327"," 407.42711"," 290.89871"," 707.53529"," 634.56536"," 362.84720"," 451.79291"," 880.45489"," 629.35908"," 613.83742"," 755.61257"
111,"DALWHINNIE NO 2","inverness-shire",56.94,-4.238,351,15,666.870861734734,NA,NA,NA,NA,NA,NA,"430.60895","740.25638",NA,"625.87918","788.04042","840.92647","647.35860","822.72343","792.90483",NA,"756.05920","446.24167","434.47805","771.84328","773.49820","574.36009",NA,NA,"557.88417"
987,"DRUMALBIN","lanarkshire",55.627,-3.736,245,19,403.78356637304,NA,NA,NA,NA,"292.99033","436.76051","485.10589","393.82842","202.26972","543.71693","309.90227","481.82884","387.69690",NA,"454.27145","366.80891","548.10866","382.14334","325.50003","460.42790","525.65890","342.14099","328.74604",NA,"403.98174"
1033,"DUNDRENNAN","kirkcudbrightshire",54.803,-4.008,113,19,824.958640740713,NA,NA," 469.60351",NA,NA,NA," 448.66535"," 902.05946"," 531.26762",NA," 617.80724"," 778.54013"," 606.03309","1165.68527"," 765.83287"," 736.85650","1084.39215"," 945.15487"," 733.19651"," 778.04914"," 876.13338"," 820.99361"," 814.21153"," 803.60209","1796.12985"
1383,"DUNKESWELL AERODROME","devon",50.86,-3.24,252,24,765.257605327365,"1852.15440"," 510.60340"," 681.62417"," 494.16612",NA," 666.67706"," 497.71456"," 837.69932"," 423.46774"," 858.63482"," 754.73461"," 740.30571"," 841.01956","1241.32151"," 723.08487"," 623.51211"," 378.38913","1367.18669"," 539.09477","1077.06311"," 900.94596"," 598.68613"," 587.13917"," 590.29301"," 580.66459"
918,"DUNSTAFFNAGE","argyll-in-strathclyde-region",56.45,-5.44,3,18,891.518946814177,NA,NA,NA,NA,NA,"1063.89224"," 734.54003"," 721.88703"," 497.88634","1047.20691"," 810.47282","1234.20131"," 907.73716",NA," 979.89850"," 575.89861","1407.75551"," 809.63567"," 814.58207"," 830.13781"," 953.75046",NA," 674.05551"," 862.58549","1121.21755"
326,"DURHAM","durham",54.768,-1.586,102,16,424.532470419973,NA,NA,NA,NA,NA,"487.737799",NA,"589.290294","137.482453","351.594422","415.682858",NA,"315.045533",NA,"627.977405","337.055763","300.127113","923.798110","661.036268","325.684713","355.037365","313.810871","322.693720",NA,"328.464841"
161,"DYCE","aberdeenshire",57.205,-2.205,65,20,427.420363244617,NA,NA,NA,NA,"332.53329","516.91205","329.11122","602.41217","183.25248","321.58565","287.30133","267.82083","558.27932","319.16778","855.57493",NA,"414.52513","425.43858","322.63778","596.97607","671.10436","508.20030","371.14459","239.54614","424.88327"
744,"EAST MALLING","kent",51.288,0.448,33,22,404.007884069386,NA,NA,NA,"345.92878","322.36469","840.30941","518.20785","409.71688","253.87278","490.37751","144.09569","278.95278","215.00579","337.99056","448.87329","326.03818","296.71705","478.38646","422.47350","488.97495","354.62516","423.75515","538.51009","492.01449","460.98242"
19260,"EDINBURGH, GOGARBANK","midlothian-in-lothian-region",55.928,-3.344,57,21,398.314240726676,NA,NA,NA,NA,"240.74499","369.74549","247.42222","529.90019","186.22267","414.60994","392.47782","308.84524","481.22071","605.94936","348.46094","318.25243","541.79069","707.18103","412.63416","433.19255","343.10432","249.80735","351.24711","166.53441","715.25543"
1023,"ESKDALEMUIR","dumfriesshire",55.312,-3.207,236,24,1265.48868028262,"1025.81652","1508.37231","1175.83959","1240.36595","1147.37283","1242.94252"," 802.88984","1411.27738"," 649.64070","1571.88682"," 928.67068","1258.31273","1104.39910","1560.57050","1583.52158"," 861.95666","1711.67855","1412.86967","1411.52383","1341.68861","1861.29642","1326.68889","1182.44897",NA,"1049.69771"
159,"FYVIE CASTLE","aberdeenshire",57.443,-2.39,55,15,430.522013420911,NA,NA,NA,NA,NA,"637.82326","262.41871","430.68288","206.73664",NA,"324.14213","406.49159","565.06108","364.92544","529.63026",NA,NA,"339.56654","432.21576","537.97656","339.73867",NA,"636.60433",NA,"443.81637"
24125,"GLASGOW, BISHOPTON","renfrewshire",55.907,-4.532,59,20,789.186190581915,NA,NA,NA,NA,NA," 791.68209"," 368.21157"," 760.28474"," 456.37802"," 985.10701"," 685.36923"," 898.12842"," 715.25705"," 856.07702"," 871.09121","1027.36590"," 987.48962"," 845.10274"," 786.20193"," 705.64701","1166.13072"," 736.26665"," 602.90043"," 578.20641"," 960.82603"
1144,"HAWARDEN AIRPORT","clwyd",53.175,-2.986,11,20,560.676192542771,"3205.00961"," 133.10765"," 302.46148"," 383.65939"," 411.64952"," 443.30213",NA," 422.62264"," 318.99034",NA,NA,NA," 662.36904"," 584.48326"," 718.62666"," 586.07954"," 219.70738"," 557.79625"," 329.75845",NA," 604.67449"," 287.64977"," 234.18487"," 308.22595"," 499.16545"
708,"HEATHROW","greater-london",51.479,-0.451,25,25,374.923541526924,"276.83502","174.77606","214.05072","285.64717","859.52048","428.53073","377.70278","402.16889","206.44166","474.81890","187.60956","465.63289","603.30596","429.04242","397.69426","247.35487","293.30519","282.95504","222.93865","611.36420","643.36318","367.36522","292.65631","315.99715","312.01123"
24996,"HEREFORD, CREDENHILL","hereford-and-worcester",52.08,-2.802,76,19,387.328763325165,NA,NA,NA,NA,NA,"312.60020","827.33036","301.92392","124.27508","298.58957",NA,"297.93956","637.37843","385.49296","349.75061","348.94033","191.43970","559.38888","325.06814","371.83456","407.56279","504.07643","194.84809","365.86495","554.94196"
811,"HERSTMONCEUX, WEST END","east-sussex",50.891,0.317,52,24,635.034420475995," 532.00209"," 581.48137","1274.14481"," 598.64808"," 523.52511","1330.23137"," 739.72200"," 583.89875"," 406.75506"," 458.74567"," 407.41483"," 597.15813"," 493.32687"," 505.69991"," 827.65996"," 452.86224",NA," 357.90061"," 640.61290"," 784.16090"," 652.54554"," 396.13783"," 482.91963"," 778.66010"," 834.61234"
17176,"HIGH WYCOMBE, HQAIR","buckinghamshire",51.682,-0.807,204,21,515.268390092696,NA," 340.61057"," 437.47255"," 586.69533"," 780.06846"," 495.18825"," 629.08361"," 667.46713"," 318.34850","1259.15221"," 339.66224"," 461.18192"," 849.19744"," 621.28568",NA," 315.73792"," 248.49993"," 535.51720",NA,NA," 302.41518"," 408.05539"," 450.27382"," 330.60779"," 444.11508"
395,"HOLBEACH NO 2","lincolnshire",52.873,0.139,3,25,409.388764807549,"355.778243","205.634083","227.189569","416.031162","593.754054","373.081270","534.416638","552.285931","354.245983","584.663359","319.903638","426.243960","682.588433","344.616407","838.848517","220.772896","276.257250","358.274573","180.146501","295.754790","315.886134","518.709345","369.615005","262.237586","627.783795"
842,"HURN","dorset",50.779,-1.836,10,24,645.726989852923," 623.28913","1488.16649"," 466.74700"," 599.81484"," 774.91178"," 944.86046"," 973.08576"," 664.45124"," 429.78205"," 405.62246"," 473.33352",NA," 547.00269"," 646.68348"," 463.58820"," 463.88223"," 291.03305"," 836.42086"," 559.05293"," 779.51100"," 614.73850"," 873.53385"," 585.29115"," 470.09967"," 522.54543"
177,"INVERBERVIE NO 2","kincardineshire",56.852,-2.266,134,22,343.88587231796,"539.368925","238.275131","331.750168","422.877323","251.106509","432.577151","207.541349",NA,"169.755147","274.328911","307.841343","312.765440","372.121426","362.313043","382.947161",NA,"330.550315","417.696832","317.717060",NA,"420.849647","563.436783","343.885283","224.835492","340.948753"
23417,"ISLAY: PORT ELLEN","argyll-in-strathclyde-region",55.681,-6.25,17,21,706.118122978236,NA,NA,NA,NA,"680.56577","937.62681","523.63805","577.00415","412.66023","497.04278","942.81026","930.06222","661.09413","655.81429","895.70774","544.45438","795.88189","704.83479","601.05818","730.43928","741.50674","692.46295","770.87890","700.53445","832.40258"
1319,"ISLE OF PORTLAND","dorset",50.522,-2.456,52,24,569.677971421609,"1648.52590",NA," 357.00922"," 350.39173"," 333.62411","4016.88396"," 292.03170"," 391.71033"," 257.68737"," 209.32820"," 335.45183"," 257.32637"," 354.22604"," 382.43938"," 343.94444"," 296.76546"," 531.82210"," 572.89557"," 349.73264"," 436.00959"," 612.78134"," 392.48513"," 307.13742"," 278.33041"," 363.73106"
726,"KENLEY AIRFIELD","greater-london",51.304,-0.092,170,22,685.09526619461,NA,NA,"1171.94950",NA," 878.56144","1185.97764"," 629.24496"," 700.42811"," 448.50899"," 595.28186"," 376.44612"," 840.86369","1183.78545"," 610.41704"," 502.09176"," 444.98096"," 374.55907"," 529.89479"," 620.14497"," 643.76436"," 500.05108","1221.78772"," 437.61054"," 463.82469"," 711.92113"
1060,"KESWICK","cumbria",54.614,-3.157,81,21,1093.57886498337,"1065.04328"," 713.82727",NA," 984.26775",NA,"1534.46372"," 615.75372","1093.87449"," 516.18503"," 913.08020","1470.26513","1130.86001"," 840.06002","1444.20041","1365.15873"," 584.58442","1001.44926",NA,NA,"1143.99235","2147.65437","1146.75770","1048.33809"," 911.90491","1293.43528"
48,"KINBRACE, HATCHERY","sutherland",58.23,-3.922,103,17,356.137523600185,NA,NA,NA,NA,NA,"672.10907","460.65053","390.90742","304.43613","445.79674","335.91852","438.56801","193.40679","270.46964","401.65567",NA,"272.73435","193.07323","269.50049","369.96773","294.33158","468.25140",NA,NA,"272.56059"
132,"KINLOSS","moray-in-grampian-region",57.645,-3.563,5,23,330.975168852395,NA,NA,"365.582610","367.720293","306.510085","214.051729","199.644207","540.601154","173.009544","688.810857","250.738049","292.296676","236.113977","179.260553","363.845782","268.432097","517.997716","271.318464","285.103535","755.626823","220.598086","366.956126","288.119462","147.400698","312.690359"
23,"KIRKWALL","orkney",58.953,-2.901,26,17,358.322265879375,NA,NA,NA,NA,NA,"301.31709",NA,"352.66530",NA,"372.08033","281.05273","482.97758","418.50527","286.17744","360.68620","263.97840","322.33246","364.77812","431.78204","434.73610","369.04044",NA,"454.54040","268.71031","326.11832"
1190,"LAKE VYRNWY NO 2","powys-north",52.757,-3.465,360,19,1097.18405475853," 673.05580"," 558.38454",NA,"1449.45237","1548.92491",NA,NA,NA," 942.97974"," 966.38878","1129.60320","1609.59113","1263.23897","1344.03118","1093.40964"," 963.64225","1085.92898","1177.31762"," 884.36339"," 916.20493","1259.93393","1031.33401"," 948.71167",NA,NA
888,"LARKHILL","wiltshire",51.202,-1.806,132,24,481.952036570752,NA,"271.97181","400.62821","494.97404","530.65737","638.01268","415.95108","590.94118","316.75598","566.28911","353.49332","663.94239","351.17149","922.56024","518.94280","257.90598","484.28891","491.37224","408.91432","448.01837","512.15036","579.99017","516.79131","401.64780","429.47769"
370,"LECONFIELD","humberside",53.875,-0.442,7,25,366.146767547853,"383.24591","172.99306","332.09790","366.41511","392.81926","321.40495","379.70185","397.57851","257.70577","448.40945","187.76203","462.71871","299.33154","331.35750","541.73160","279.52348","467.38950","442.14276","151.21571","434.58261","305.24084","296.04513","420.20077","549.97923","532.07600"
17314,"LEEMING","north-yorkshire",54.297,-1.533,33,25,409.502050851499," 417.566908"," 516.602188"," 276.305391"," 337.734453"," 303.104919"," 626.212523"," 512.373763","1082.813351"," 550.464280"," 346.438257"," 306.581941"," 259.161809"," 498.990439"," 553.648382"," 538.221966"," 257.586542"," 177.807806"," 617.692274"," 269.543611"," 293.611612"," 486.855504"," 234.339610"," 212.138691"," 198.516122"," 363.238931"
9,"LERWICK","shetland",60.139,-1.185,82,24,469.149269396902,"381.76265","390.44653","290.70636","466.25058","531.75940","530.69895","259.42987","289.60766","477.36075","557.54430","656.53400","605.86138","460.20858","448.76470","450.73355","456.81658","369.23940","772.16249","447.04659","636.37676","476.95126","429.80570","542.95556",NA,"330.55886"
235,"LEUCHARS","fife",56.377,-2.862,10,25,391.713565540453,"316.27343","214.78721","255.39570","306.06535","264.15027","370.96862","330.61281","969.56649","164.84750","765.73471","302.23814","323.71101","375.52636","432.63748","490.25828","445.46652","564.62222","508.36429","265.10797","405.31030","362.32650","288.81062","269.77326","356.54534","443.73876"
346,"LINTON ON OUSE","north-yorkshire",54.045,-1.251,14,25,381.352830839815,"317.821045","387.871723","225.476297","228.250762","282.469841","593.375200","297.855964","357.583195","207.483103","344.538278","407.660413","493.740550","367.783362","397.662316","703.661141","212.591245","218.856206","616.059924","335.441749","194.929862","669.626976","673.191631","405.949756","289.820774","304.119460"
692,"LITTLE RISSINGTON","gloucestershire",51.861,-1.693,210,21,468.14098585331,NA,NA,NA," 344.34863"," 372.78060"," 467.99912"," 383.55095"," 669.67609"," 303.53969"," 337.84915",NA," 494.60071","1058.02202"," 697.40228"," 465.78943"," 342.18408"," 239.74658"," 686.17005"," 389.60395"," 470.76486"," 306.89513"," 440.74336"," 272.46551"," 371.83304"," 714.99549"
67,"LOCH GLASCARNOCH","ross-and-cromarty",57.725,-4.895,269,21,983.102058798861,NA," 461.66546","1204.16940"," 842.76423","1224.04136","1305.16993"," 870.23209"," 844.39148",NA,"1061.51733","1135.58642","1053.06552"," 841.36414","1234.17491"," 705.06846",NA,"1550.08761"," 739.30756"," 893.43599"," 957.05982","1094.29211","1071.16292",NA," 655.47823"," 901.10827"
17344,"LOFTUS","cleveland",54.563,-0.864,158,23,403.619103230686,NA,NA,"477.151795","271.865610","229.331520","391.227992","360.351945","703.019532","327.410576","507.695831","513.362387","364.818253","368.464466","382.625027","509.820109","270.629014","357.685772","544.299542","503.985056","389.090055","368.031532","335.764652","338.910271","541.634256","226.064184"
137,"LOSSIEMOUTH","moray-in-grampian-region",57.711,-3.323,7,25,306.384058234666,"458.328451","197.391038","350.969577","235.387937","405.960665","206.329905","413.837021","246.119373","179.484160","455.875214","288.937951","328.289902","278.765612","200.283864","516.703749","273.188518","331.813849","131.805888","197.773447","832.065782","155.988178","276.517131","197.308283","116.566891","383.909069"
886,"LYNEHAM","wiltshire",51.503,-1.992,145,24,452.353535596023,"330.15843","200.49110","221.68794","341.29207","466.68275","392.44402","286.60166","738.51871","324.21255","574.31912","396.30541","663.68175","727.38329","484.94861","349.86003","311.43757","398.55333","878.85571","588.28688","539.67016",NA,"419.14620","371.82095","289.12418","561.00242"
908,"MACHRIHANISH","argyll-in-strathclyde-region",55.441,-5.697,10,22,692.674938191185,"974.85040","732.57424",NA,"883.03219",NA,"675.42630","515.16798","699.01158","457.96261","796.79097","397.33400","637.11252","531.84589","770.57540","814.70209","649.03757","809.80044","864.60620",NA,"770.46724","696.16950","543.18656","592.52891","507.90447","918.76157"
775,"MANSTON","kent",51.347,1.335,49,21,420.659485671599," 229.78851"," 399.91749"," 264.18955"," 346.25797"," 365.44045"," 501.62860"," 624.39766"," 329.63233"," 257.45849"," 296.46065"," 371.50838"," 328.26519",NA,"1038.39806",NA," 701.15664"," 229.14825",NA,NA," 408.49228"," 468.29055"," 596.86716"," 369.19800"," 345.53019"," 361.82280"
409,"MARHAM","norfolk",52.651,0.566,21,25,414.102672412212,"191.656398","309.783348","218.449334","490.156088","408.905376","343.160125","443.019203","923.637435","526.313918","426.607455","439.293860","470.603712","423.124596","451.068401","299.009465","404.308855","208.068564","561.736495","161.092021","765.343347","392.432865","537.348075","379.975368","297.674287","279.798220"
847,"MIDDLE WALLOP","hampshire",51.15,-1.57,90,25,525.484948753109," 500.69293"," 306.13866"," 319.69902"," 498.45273"," 911.48389"," 761.62895"," 516.25901"," 672.65282"," 322.85882"," 488.31160"," 264.85700"," 571.60484"," 516.46619"," 436.94223"," 461.77081"," 293.88097"," 474.12256"," 671.77675"," 476.77302"," 732.02676"," 374.82491"," 451.55920","1039.94233"," 494.69043"," 577.70730"
1215,"MILFORD HAVEN CONSERVANCY BOARD","dyfed",51.709,-5.053,44,23,790.974450111686,NA," 502.08569"," 725.17694"," 534.29927",NA," 697.32529"," 585.38952","1988.66998"," 835.58487"," 814.43126","1603.27446"," 875.90156"," 916.95206","1013.43175"," 635.64349"," 492.74899"," 687.86951"," 566.45378"," 528.26538"," 751.99821"," 671.89376"," 535.03403"," 611.04655"," 924.61178"," 694.32424"
456,"MONKS WOOD","cambridgeshire",52.402,-0.237,41,16,430.441152758432,NA,NA,NA,NA,NA,NA,"418.972474","532.687743","262.069660",NA,"245.124181","706.402125","384.520040","498.667634","420.544444","313.795809","153.935820","335.165698","381.489653","698.338073","324.327698","864.857138",NA,NA,"346.160255"
1255,"MUMBLES HEAD","west-glamorgan",51.566,-3.982,43,20,686.038427435649,NA,NA,NA,NA,NA,"663.84746","737.44105","998.81377","466.86028","671.68646","657.78313","582.16458","585.68115","711.33787","784.01049","880.99852","336.32109","827.49698","878.70458","559.98829","559.90240","721.91160","447.90516","717.82439","930.08927"
1352,"NORTH WYKE","devon",50.769,-3.904,177,18,507.510551828253,NA,NA,NA,NA,NA,NA,"321.13693","652.83529","235.86783","653.58025","449.28935","608.15091","710.11600","515.90058","600.21016","329.97751","360.62375","719.87118",NA,"681.69775","444.26555","351.61816","400.82916","657.82594","441.39361"
709,"NORTHOLT","greater-london",51.549,-0.417,33,24,436.172392114881,NA," 194.74997"," 219.20409"," 404.79765"," 852.10828"," 599.34316","1092.95758"," 383.86609"," 191.64473"," 209.35056"," 244.92363"," 365.68518"," 439.93485"," 400.39838"," 566.00849"," 213.27726"," 327.32157"," 381.19627"," 371.07060"," 923.18327"," 528.37392"," 537.93937"," 326.74783"," 371.33995"," 322.71472"
556,"NOTTINGHAM, WATNALL","nottinghamshire",53.006,-1.251,117,25,476.96290247403,"255.81856","177.58482","556.80181","334.18621","296.58901","873.53109","354.44803","680.15806","345.61477","462.31814","383.43981","554.25744","586.44309","455.23085","397.46286","343.86700","160.13974","523.46281","994.46848","674.21351","496.29317","499.37158","336.24992","414.08713","768.03467"
862,"ODIHAM","hampshire",51.239,-0.945,118,25,519.999042518825," 428.51572"," 462.66641"," 368.41678"," 356.91269","1051.02025"," 544.41185"," 624.13501"," 613.54648"," 334.88621"," 470.02606"," 304.41459"," 698.93071"," 773.14627"," 618.99742"," 667.78022"," 381.12462"," 382.02676"," 492.44136"," 428.81994"," 769.48986"," 380.45957"," 641.71852"," 369.12046"," 384.43821"," 452.53009"
1226,"PEMBREY SANDS","dyfed",51.714,-4.367,3,24,770.62468486832,NA," 428.09106"," 836.06425"," 661.56132","1056.80275"," 803.16642","1032.86156","1267.69333"," 696.14515"," 997.39467"," 448.37499"," 485.18235","1076.23627"," 709.66593"," 753.14494"," 685.11405"," 595.87796"," 663.03303"," 821.30736"," 790.84703"," 643.00513"," 839.17817"," 545.59907"," 985.61864"," 673.02700"
657,"PERSHORE","hereford-and-worcester",52.148,-2.041,35,23,439.959556148362,NA,"233.162221","491.230041","525.193970","570.383653",NA,"368.041597","184.423226","318.808925","908.505343","405.560876","366.773235","933.067464","352.711076","408.863523","373.179993","137.256764","414.516825","805.507755","554.041462","350.507604","442.655899","199.298343","245.170428","530.209569"
1336,"PLYMOUTH, MOUNTBATTEN","devon",50.355,-4.121,50,21,688.72260562886,NA,NA," 627.84357"," 683.75569",NA," 682.04372"," 570.52394",NA," 479.23463"," 608.33252"," 641.03156"," 494.83588"," 725.89916"," 723.04252"," 732.95345"," 559.39872"," 415.60622","1305.47913"," 630.77354"," 767.06139"," 701.39751"," 743.42285"," 768.71609"," 729.02823"," 872.79439"
1007,"PRESTWICK, GANNET","ayrshire",55.515,-4.585,27,23,488.376138953692,NA,NA,"360.56300","527.30685","479.11623","518.51274","362.69749","432.89018","364.38358","458.95503","344.74299","945.94787","408.41085","601.35324","517.10960","353.52588","559.83787","492.67393","444.71651","549.64750","589.93559","527.21906","427.28562","361.52145","604.29816"
16589,"REDESDALE CAMP","northumberland",55.285,-2.279,211,22,527.645744500482,NA,NA,"240.78745","213.49104","290.41821","709.93313",NA,"775.33367","222.47000","459.80970","436.93981","306.72705","476.77459","727.38857","549.84047","608.45343","805.12285","937.96696","602.41859","562.40345","608.22525","500.52096","396.84275","371.21483","805.12363"
1137,"RHYL NO 2","clwyd",53.259,-3.509,77,23,453.530020584432,"438.14315","153.37419","382.09090","321.46339","839.08439","656.31933",NA,"428.98328","258.68935","589.00511","370.82626","268.69363","572.19377","476.54367","399.92841","609.25705","234.26768","593.23909",NA,"345.14530","375.63140","545.40473","685.78836","317.10056","570.01748"
471,"ROTHAMSTED","hertfordshire",51.807,-0.36,128,20,462.485992678913,NA,NA,NA,NA,NA," 717.64043"," 602.45217"," 434.08701"," 204.33544"," 442.64055"," 360.03170"," 698.50110"," 534.35226"," 710.17677"," 500.46337"," 217.43748"," 200.72709"," 541.90234"," 303.29355"," 447.22554","1131.50574"," 443.93826"," 226.42429"," 293.26480"," 239.31998"
982,"SALSBURGH","lanarkshire",55.861,-3.875,277,18,594.881842784346,NA,NA,NA,NA,NA,"1041.94998"," 414.03056"," 643.45470"," 384.71357"," 646.51753"," 350.04908"," 436.71453"," 518.17813"," 877.86146"," 622.23641",NA," 721.30328"," 830.23733"," 602.91337"," 496.35022"," 733.17835"," 430.65088"," 366.12351",NA," 591.41028"
1386,"SCILLY: ST MARYS AIRPORT","isles-of-scilly",49.915,-6.296,31,20,513.151715382785,NA,"422.77272","625.03221","315.72784","496.64711","857.88587","435.13645","611.10314","239.94590","307.56469","380.98563",NA,"813.25923",NA,NA,"657.20567","282.05478","807.54633",NA,"357.38420","455.97734","589.42156","558.71405","461.58548","587.08413"
16611,"SENNYBRIDGE NO 2","powys-south",52.063,-3.615,307,21,949.438519683255,NA," 474.18281","1061.88266",NA,NA,"1218.19883"," 980.06919",NA," 718.74270","1569.81553"," 731.18974"," 830.79746","1050.35968","1092.03293"," 970.56955"," 793.98021"," 530.35737","1075.01998","1112.19982"," 735.49403"," 846.14411"," 987.82478"," 707.17984","1209.23391","1242.93381"
1083,"SHAP","cumbria",54.502,-2.685,252,20,1874.37427355269,NA,NA,"2009.90544","1451.16842","1624.19659","1745.83142",NA,NA,"1026.12201",NA,"2269.19502","1838.23187","2175.70920","2251.61085","3008.29095"," 902.53882","2200.48506","1825.24032","1868.68993","1637.73787","3280.01588","1450.60884","1339.80375","1437.84173","2144.26150"
643,"SHAWBURY","shropshire",52.795,-2.665,72,25,359.268590124677,"311.49625","192.58561","413.02046","291.57073","442.50701","492.52923","400.23245","224.63706","270.92476","502.20202","420.58636","214.77329","418.86604","623.06300","258.33288","269.85177","186.06098","494.32145","353.31216","292.02775","239.96257","463.13826","309.89292","374.76982","521.04989"
669,"SHOBDON AIRFIELD","hereford-and-worcester",52.243,-2.886,99,25,422.590916438533,"214.36055","202.07980","377.36676","621.76415","647.49663","489.70724","731.32988","314.52887","185.27291","651.52703","299.27739","290.09136","789.75508","552.23901","399.78662","342.59637","174.10085","659.92764","242.20452","378.74449","387.95477","416.47225","307.86567","307.38767","580.93540"
498,"SHOEBURYNESS, LANDWICK","essex",51.555,0.827,2,25,328.210871687164,"424.118260","116.641101","370.387806","221.150553","418.261543","431.846739","352.398313","356.387162","142.723060","343.491356","312.064287","322.136924","380.069328","304.772034","285.233989","240.999336","192.834929","219.696850","679.791590","500.081229","325.225647","504.874291","267.983745","256.811031","235.290690"
795,"SHOREHAM AIRPORT","west-sussex",50.836,-0.294,2,17,557.411583707815,NA,NA,NA,NA,"426.93472","989.64607","679.87405","661.78107","299.72907","423.18796","296.57929",NA,"656.17430","459.49785","493.20712",NA,"326.52309","796.74364",NA,"749.94004","729.03893","464.50022","508.12449",NA,"514.51500"
869,"SOUTH FARNBOROUGH","hampshire",51.28,-0.773,65,23,444.196690638851,"236.30143","263.72802","808.54291","302.92916","561.16890","488.93643",NA,"385.57870","254.54023","305.44090","229.85653","494.93241",NA,"215.03668","916.61305","363.20635","383.38972","424.18105","322.08987","608.30303","565.39342","886.58638","401.33038","350.34758","448.09075"
18903,"SOUTH UIST RANGE","western-isles",57.358,-7.385,4,22,562.260386798145,NA,NA,NA," 611.03795"," 352.24564","1579.72138"," 313.45347"," 353.16924"," 353.78081"," 396.27755"," 673.06492"," 418.04243"," 556.99163"," 376.17157"," 547.40603"," 312.81291"," 501.13042"," 521.82432"," 490.62040"," 784.87458"," 515.29842"," 520.76498","1110.31341"," 540.21670"," 540.50976"
1076,"SPADEADAM NO 2","cumbria",55.05,-2.554,285,24,896.893112155114," 592.04799"," 265.70422"," 515.01089"," 946.21419","1008.73719"," 752.38202"," 431.87139","1093.96323"," 439.50003","1710.17314"," 905.25098"," 687.16797","1192.96373","1309.99228"," 836.25833",NA,"1198.10577"," 770.60868"," 598.69789"," 849.41951","1323.73796"," 711.36232"," 953.35163","1095.54304","1337.37030"
19206,"ST ATHAN","south-glamorgan",51.405,-3.441,49,22,672.368079011055,NA,NA,NA,"951.88946","879.83676","814.96693","545.69106","703.44403","528.54156","647.83900","484.67195","657.66998","681.48570","799.70453","639.70184","428.00803","489.90468","835.00508","586.98188","624.92916","515.24381","829.42988","572.38803","665.14126","909.62313"
1055,"ST BEES HEAD NO 2","cumbria",54.518,-3.615,124,25,728.286289304424," 445.31577"," 639.72330"," 274.31937"," 527.80201"," 693.05843"," 882.76183"," 371.05342"," 711.10145"," 447.49568"," 916.35463"," 671.73689"," 891.69382"," 548.74556"," 958.53041"," 789.53154"," 946.81045"," 653.89919","1212.82953"," 781.16259"," 639.74371"," 831.88501"," 760.81925"," 699.35605"," 755.98660","1155.44075"
1119,"STONYHURST","lancashire",53.845,-2.47,115,18,918.381788481679,NA,NA,NA,NA,NA,NA,NA," 716.43620"," 594.44981"," 756.09031"," 593.59347"," 953.21573","1245.03793","1483.83113"," 721.65724"," 640.11114","1043.61867","1211.51995"," 700.53724"," 629.31586","1175.81708"," 982.60783","1259.21133"," 855.83431"," 967.98695"
54,"STORNOWAY AIRPORT","western-isles",58.213,-6.319,15,21,465.830983941637,NA,NA,NA,NA,"555.93492","463.64834","399.44614","400.51098","252.88936","422.45159","476.00065","404.94990","556.79128","479.35217","768.29911","312.93844","413.66148","401.41131","492.05967","485.27892","717.77552","485.83996","413.32073","371.79333","508.09689"
212,"STRATHALLAN AIRFIELD","perthshire-in-tayside-region",56.326,-3.729,35,22,502.945351770255,"567.08204","361.47178","346.93734","485.27252",NA,"579.65836","268.60226","531.67705","152.52437","474.40969",NA,"425.78922","603.99139","768.06533","547.73553",NA,"769.96337","644.35525","524.08883","567.02874","696.53086","397.19222","287.20897","376.95119","688.26143"
554,"SUTTON BONINGTON","nottinghamshire",52.836,-1.251,43,19,389.247005154385,NA,NA,NA,NA,NA,NA,"254.684386","581.144041","488.017870","597.746547","433.568125","388.124110","511.391525","349.860551","249.149440","231.694199","196.564789","373.275893","312.052682","390.823661","307.775230","637.977695","344.474148","252.673837","494.694369"
79,"TAIN RANGE","ross-and-cromarty",57.819,-3.967,4,22,347.88533235334," 147.505354","3093.714891"," 227.665428"," 202.798677"," 273.090035"," 208.565081"," 225.924076"," 186.090615"," 169.396878"," 338.599166"," 158.160224",NA,NA," 295.860591"," 257.978204"," 156.793287"," 260.753724"," 154.455494"," 107.093304"," 313.124987"," 355.082961"," 173.610684"," 205.890501"," 141.323150",NA
779,"THORNEY ISLAND","west-sussex",50.815,-0.922,4,20,514.616197828004,NA,"268.51484",NA,"355.51181","279.69423","852.26121","483.90433","586.26209","354.84162","550.00458","454.55741","418.60791",NA,"467.21105",NA,NA,"540.25434","772.64804","548.06298","611.31282","623.61187","487.31408","441.46366","810.97631","385.30881"
18974,"TIREE","argyll-in-strathclyde-region",56.5,-6.881,9,19,580.064002226587,NA,NA,NA,NA,NA,"578.77494","508.82113","438.56645","328.26486","579.40489","524.23270","649.06922","391.87928","592.50869","791.73026","454.72620","649.17541","582.36313","524.26984","837.75108","682.20192","605.56796","804.61873","497.28932",NA
16596,"TOPCLIFFE","north-yorkshire",54.205,-1.39,25,21,388.959379531915,NA,NA,NA,NA,"288.891416","604.249211","228.782938","630.891175","426.918435","490.354604","769.668964","253.679571","328.973596","388.960819","341.672300","345.529871","260.297269","761.856690","321.247968","185.521884","414.997719","222.150501","241.938139","306.408310","355.155592"
1209,"TRAWSGOED","dyfed",52.344,-3.948,63,21,738.487551809809,NA,NA," 524.57879"," 762.77059"," 824.57831","1091.29794",NA," 664.18945"," 597.52100"," 845.36613"," 700.75532"," 651.95043"," 735.93115"," 954.30113"," 684.28020"," 396.67529"," 476.76758"," 863.79116"," 791.39417",NA," 817.65643"," 641.26703"," 853.34519"," 684.64042"," 945.18089"
105,"TULLOCH BRIDGE","inverness-shire",56.867,-4.708,249,21,1074.30850725047," 906.34038",NA,NA,"1088.73094","1366.93674"," 791.31929"," 650.22532"," 982.90189"," 485.00129","1182.02159","1154.15158","1830.83817"," 915.71168","1152.01608"," 939.04552",NA,"1368.70615"," 954.30142"," 971.41042","1277.35572","1435.27324"," 997.93984",NA,"1161.84411"," 948.40730"
195,"TYNDRUM NO 3","perthshire-in-central-region",56.419,-4.661,168,18,2271.56280885462,NA,NA,NA,NA,NA,"5342.47959","1293.48984","1673.91853","1035.67305","2077.69753","2606.95131","2496.46092","1455.69391","2609.73744","2314.06246","1245.93159","3098.38710","1936.84252","1878.51632","2786.05034","3208.97318","1833.21179",NA,NA,"1994.05312"
1145,"VALLEY","gwynedd",53.253,-4.536,10,25,517.245855754816,"408.87190","314.08596","315.72674","451.43351","568.11028","729.80590","365.72770","412.87987","349.72746","420.24743","544.45187","632.31922","527.90408","688.67710","560.11601","304.26245","463.70850","768.87448","597.45980","877.70510","602.59702","536.81658","546.28022","486.20767","457.14954"
384,"WADDINGTON","lincolnshire",53.175,-0.523,68,25,402.337154088763,"134.103350","136.685255","578.488589","245.941361","513.696894","337.354184","394.968223","704.031874","442.533865","598.328778","303.181818","356.081658","661.761098","612.340170","269.484274","432.303226","168.778844","489.366069","192.371962","266.483214","560.776763","452.974458","250.773948","399.747946","555.871030"
16725,"WAINFLEET NO 2","lincolnshire",53.088,0.271,3,21,416.696649911959,NA,NA,"560.031613","326.499861",NA,"397.333602","208.968436","333.835701","338.896923","511.183812",NA,"702.132261","796.320440","345.593031","400.079594","243.101875","120.405864","289.438389","288.250550","612.168418","240.029642","369.205114","363.089245","497.430821","806.634458"
1078,"WALNEY ISLAND","cumbria",54.125,-3.258,15,23,669.04508402535," 623.95614"," 437.92895",NA," 590.39522"," 499.67500"," 838.33141"," 607.43103"," 720.29096"," 370.33128","1310.71560"," 512.37646"," 565.37988"," 449.21900"," 485.94376"," 636.66044",NA," 810.45031","1188.54090"," 629.03646"," 528.01157"," 792.25253"," 839.11783"," 630.81050"," 685.27961"," 635.90208"
1074,"WARCOP RANGE","cumbria",54.572,-2.413,227,23,539.186263242535,NA,"285.54429","420.88942","549.51383","569.72737","550.30060","255.70656","650.72947","245.89467","789.52009","900.89662","626.15992","528.15021","501.06385","454.57979",NA,"468.04876","691.12751","501.82531","465.45805","482.50745","797.57823","475.45789","612.45312","578.15104"
440,"WATTISHAM","suffolk",52.124,0.957,89,21,471.619312001794,NA,NA,NA,NA," 622.82860"," 449.82442"," 432.50071"," 773.22292"," 216.08701"," 434.00348"," 268.37191"," 623.53776"," 319.01253"," 464.52180"," 235.38724"," 400.56383"," 197.10909"," 355.64715"," 190.79499","1280.88357"," 420.14628","1123.34071"," 398.28401"," 332.60571"," 365.33182"
1039,"WEST FREUGH","wigtownshire",54.859,-4.935,11,22,661.853396265343," 636.15107"," 618.16954"," 571.96277"," 812.39183"," 536.44634",NA,NA,"1087.74977"," 409.46911"," 745.89232"," 454.43219"," 722.79705"," 654.43281",NA," 640.43554"," 494.51929"," 684.76375"," 685.57627"," 710.06958"," 875.20978"," 782.37098"," 440.81087"," 775.83392"," 502.05870"," 719.23124"
421,"WEYBOURNE","norfolk",52.949,1.122,21,25,373.744352509466,"183.76406","305.44781","331.39478","524.77406","365.98859","462.30308","765.37641","358.10324","280.84653","321.26544","387.36316","370.44289","590.09068","378.17575","387.99331","273.85473","150.74554","289.45452","213.58545","459.68678","378.69287","464.66592","435.18522","219.92696","444.48102"
32,"WICK AIRPORT","caithness",58.454,-3.09,36,22,287.665542047965,NA,"357.577284",NA,"336.452795","268.859008","285.680045","424.508154","334.110548","399.589185","234.810170","209.580219","398.923107","250.026250","154.316196","414.317719","191.050581","325.828048","242.789768","219.625159","278.410890","208.444663",NA,"372.504392","173.448333","247.789409"
876,"WIGHT: ST CATHERINES POINT","isle-of-wight",50.576,-1.297,20,21,525.714405704507,NA,NA,NA,NA," 522.99095"," 590.93040"," 211.95370","1895.28390"," 490.76343"," 356.53662"," 244.72394"," 340.86832"," 574.24776"," 586.58523"," 632.26963"," 408.90131"," 230.74371"," 471.46116"," 663.75812"," 647.30139"," 585.09731"," 480.43067"," 449.52340"," 356.25254"," 299.37901"
583,"WITTERING","cambridgeshire",52.612,-0.468,74,25,390.197870690892," 303.31721"," 141.24130"," 525.57726"," 372.64221"," 433.96982"," 425.42312"," 406.06682"," 758.27517"," 224.19787","1577.23228"," 248.89919"," 298.19529"," 349.71992"," 313.11725"," 162.06710"," 234.93400"," 173.75287"," 406.44640"," 256.99699"," 432.06166"," 208.60545"," 346.69210"," 251.00880"," 221.60453"," 682.90218"
458,"WOBURN","bedfordshire",52.014,-0.596,89,16,452.516539414207,NA,NA,NA,NA,NA,NA," 497.34757"," 427.34628"," 217.24860"," 435.76473",NA," 609.32489"," 471.39026"," 357.20242"," 259.01535",NA," 261.08225"," 369.20837"," 204.37885"," 486.81005"," 388.79502","1769.98749"," 251.06943",NA," 234.29309"
1302,"YEOVILTON","somerset",51.006,-2.643,20,25,411.681793469645,"400.42039","251.46641","425.32210","410.21634","766.40411","511.55018","387.62126","555.21718","293.48569","321.94243","382.74185","321.03492","435.02356","566.04917","304.46385","348.79989","387.67806","633.97546","243.57246","509.72588","303.73385","616.17235","281.37077","287.37484","346.68184"
